{
  "Early blight": {
    "severity": "Medium",
    "recommendations": [
      "Remove infected leaves and destroy them \u2014 do not compost.",
      "Avoid overhead irrigation to reduce leaf wetness.",
      "Apply recommended fungicides following label instructions (e.g., copper-based products).",
      "Rotate crops next season and avoid planting tomatoes in the same bed."
    ]
  },
  "Late blight": {
    "severity": "High",
    "recommendations": [
      "Immediately remove and destroy infected plants to prevent spread.",
      "Avoid working in the field when plants are wet to reduce spread.",
      "Use certified disease-free seeds and resistant varieties if available.",
      "Consider emergency fungicide treatments according to local agricultural guidelines."
    ]
  },
  "Healthy": {
    "severity": "Low",
    "recommendations": [
      "No disease detected. Continue standard cultural practices.",
      "Monitor plants regularly for early symptoms."
    ]
  }
}